Local,Ano,Morte5
ADAMANTINA,1991,"29,31"
ADAMANTINA,2000,"19,51"
ADAMANTINA,2010,"13,92"
ADOLFO,1991,"25,87"
ADOLFO,2000,"20,58"
ADOLFO,2010,"15,98"
AGUAÍ,1991,"31,55"
AGUAÍ,2000,"20,68"
AGUAÍ,2010,"14,50"
AGUDOS,1991,"31,77"
AGUDOS,2000,"23,70"
AGUDOS,2010,"15,88"
ALAMBARI,1991,"37,69"
ALAMBARI,2000,"27,03"
ALAMBARI,2010,"20,30"
ALFREDO MARCONDES,1991,"29,11"
ALFREDO MARCONDES,2000,"21,48"
ALFREDO MARCONDES,2010,"16,33"
ALTAIR,1991,"35,20"
ALTAIR,2000,"32,49"
ALTAIR,2010,"20,84"
ALTINÓPOLIS,1991,"25,85"
ALTINÓPOLIS,2000,"19,67"
ALTINÓPOLIS,2010,"16,05"
ALTO ALEGRE,1991,"31,39"
ALTO ALEGRE,2000,"22,36"
ALTO ALEGRE,2010,"18,89"
ALUMÍNIO,1991,"41,89"
ALUMÍNIO,2000,"26,22"
ALUMÍNIO,2010,"16,22"
ALVINLÂNDIA,1991,"39,48"
ALVINLÂNDIA,2000,"26,01"
ALVINLÂNDIA,2010,"21,91"
AMERICANA,1991,"23,00"
AMERICANA,2000,"19,05"
AMERICANA,2010,"12,49"
AMPARO,1991,"30,92"
AMPARO,2000,"19,14"
AMPARO,2010,"12,29"
AMÉRICO BRASILIENSE,1991,"20,73"
AMÉRICO BRASILIENSE,2000,"20,43"
AMÉRICO BRASILIENSE,2010,"15,13"
AMÉRICO DE CAMPOS,1991,"24,66"
AMÉRICO DE CAMPOS,2000,"22,58"
AMÉRICO DE CAMPOS,2010,"18,79"
ANALÂNDIA,1991,"26,16"
ANALÂNDIA,2000,"19,84"
ANALÂNDIA,2010,"13,22"
ANDRADINA,1991,"28,61"
ANDRADINA,2000,"20,18"
ANDRADINA,2010,"11,13"
ANGATUBA,1991,"37,22"
ANGATUBA,2000,"24,43"
ANGATUBA,2010,"17,78"
ANHEMBI,1991,"29,06"
ANHEMBI,2000,"21,74"
ANHEMBI,2010,"14,03"
ANHUMAS,1991,"27,78"
ANHUMAS,2000,"25,62"
ANHUMAS,2010,"15,89"
APARECIDA,1991,"31,39"
APARECIDA,2000,"21,13"
APARECIDA,2010,"17,63"
APARECIDA D'OESTE,1991,"30,38"
APARECIDA D'OESTE,2000,"25,29"
APARECIDA D'OESTE,2010,"20,34"
APIAÍ,1991,"40,03"
APIAÍ,2000,"24,69"
APIAÍ,2010,"16,93"
ARAMINA,1991,"24,37"
ARAMINA,2000,"23,17"
ARAMINA,2010,"14,77"
ARANDU,1991,"44,36"
ARANDU,2000,"27,70"
ARANDU,2010,"20,13"
ARAPEÍ,1991,"41,83"
ARAPEÍ,2000,"24,99"
ARAPEÍ,2010,"19,41"
ARARAQUARA,1991,"25,66"
ARARAQUARA,2000,"19,58"
ARARAQUARA,2010,"11,87"
ARARAS,1991,"25,90"
ARARAS,2000,"17,13"
ARARAS,2010,"13,34"
ARAÇARIGUAMA,1991,"40,67"
ARAÇARIGUAMA,2000,"26,62"
ARAÇARIGUAMA,2010,"19,16"
ARAÇATUBA,1991,"31,93"
ARAÇATUBA,2000,"21,26"
ARAÇATUBA,2010,"17,13"
ARAÇOIABA DA SERRA,1991,"31,03"
ARAÇOIABA DA SERRA,2000,"20,45"
ARAÇOIABA DA SERRA,2010,"14,33"
ARCO-ÍRIS,1991,"36,38"
ARCO-ÍRIS,2000,"21,91"
ARCO-ÍRIS,2010,"19,81"
AREALVA,1991,"28,91"
AREALVA,2000,"21,08"
AREALVA,2010,"16,41"
AREIAS,1991,"46,63"
AREIAS,2000,"27,23"
AREIAS,2010,"20,47"
AREIÓPOLIS,1991,"31,93"
AREIÓPOLIS,2000,"25,28"
AREIÓPOLIS,2010,"18,20"
ARIRANHA,1991,"24,66"
ARIRANHA,2000,"24,03"
ARIRANHA,2010,"19,35"
ARTUR NOGUEIRA,1991,"33,49"
ARTUR NOGUEIRA,2000,"20,50"
ARTUR NOGUEIRA,2010,"17,72"
ARUJÁ,1991,"25,35"
ARUJÁ,2000,"21,26"
ARUJÁ,2010,"12,76"
ASPÁSIA,1991,"35,45"
ASPÁSIA,2000,"19,40"
ASPÁSIA,2010,"13,98"
ASSIS,1991,"27,36"
ASSIS,2000,"20,04"
ASSIS,2010,"12,76"
ATIBAIA,1991,"25,69"
ATIBAIA,2000,"20,25"
ATIBAIA,2010,"14,81"
AURIFLAMA,1991,"33,04"
AURIFLAMA,2000,"27,01"
AURIFLAMA,2010,"16,34"
AVANHANDAVA,1991,"29,11"
AVANHANDAVA,2000,"23,76"
AVANHANDAVA,2010,"18,89"
AVARÉ,1991,"23,71"
AVARÉ,2000,"19,25"
AVARÉ,2010,"12,17"
AVAÍ,1991,"37,39"
AVAÍ,2000,"22,76"
AVAÍ,2010,"17,47"
BADY BASSITT,1991,"34,57"
BADY BASSITT,2000,"24,63"
BADY BASSITT,2010,"20,21"
BALBINOS,1991,"31,39"
BALBINOS,2000,"24,73"
BALBINOS,2010,"19,75"
BANANAL,1991,"37,52"
BANANAL,2000,"20,56"
BANANAL,2010,"13,27"
BARBOSA,1991,"36,50"
BARBOSA,2000,"29,09"
BARBOSA,2010,"16,06"
BARIRI,1991,"24,39"
BARIRI,2000,"15,65"
BARIRI,2010,"13,65"
BARRA BONITA,1991,"24,04"
BARRA BONITA,2000,"19,91"
BARRA BONITA,2010,"12,53"
BARRA DO CHAPÉU,1991,"46,63"
BARRA DO CHAPÉU,2000,"35,32"
BARRA DO CHAPÉU,2010,"23,51"
BARRA DO TURVO,1991,"47,68"
BARRA DO TURVO,2000,"28,41"
BARRA DO TURVO,2010,"21,79"
BARRETOS,1991,"25,35"
BARRETOS,2000,"20,28"
BARRETOS,2010,"11,75"
BARRINHA,1991,"31,65"
BARRINHA,2000,"26,01"
BARRINHA,2010,"17,51"
BARUERI,1991,"26,60"
BARUERI,2000,"21,23"
BARUERI,2010,"13,15"
BARÃO DE ANTONINA,1991,"42,32"
BARÃO DE ANTONINA,2000,"26,26"
BARÃO DE ANTONINA,2010,"18,48"
BASTOS,1991,"32,39"
BASTOS,2000,"21,86"
BASTOS,2010,"15,54"
BATATAIS,1991,"29,06"
BATATAIS,2000,"17,42"
BATATAIS,2010,"15,08"
BAURU,1991,"31,93"
BAURU,2000,"20,97"
BAURU,2010,"14,13"
BEBEDOURO,1991,"25,66"
BEBEDOURO,2000,"18,67"
BEBEDOURO,2010,"13,92"
BENTO DE ABREU,1991,"35,20"
BENTO DE ABREU,2000,"21,30"
BENTO DE ABREU,2010,"18,56"
BERNARDINO DE CAMPOS,1991,"37,46"
BERNARDINO DE CAMPOS,2000,"22,85"
BERNARDINO DE CAMPOS,2010,"16,59"
BERTIOGA,1991,"32,07"
BERTIOGA,2000,"26,49"
BERTIOGA,2010,"18,82"
BILAC,1991,"25,66"
BILAC,2000,"16,12"
BILAC,2010,"14,61"
BIRIGUI,1991,"28,20"
BIRIGUI,2000,"21,92"
BIRIGUI,2010,"13,47"
BIRITIBA-MIRIM,1991,"41,62"
BIRITIBA-MIRIM,2000,"28,89"
BIRITIBA-MIRIM,2010,"21,44"
BOA ESPERANÇA DO SUL,1991,"42,18"
BOA ESPERANÇA DO SUL,2000,"24,04"
BOA ESPERANÇA DO SUL,2010,"19,60"
BOCAINA,1991,"26,46"
BOCAINA,2000,"17,02"
BOCAINA,2010,"15,08"
BOFETE,1991,"33,64"
BOFETE,2000,"20,59"
BOFETE,2010,"18,44"
BOITUVA,1991,"31,83"
BOITUVA,2000,"20,60"
BOITUVA,2010,"14,24"
BOM JESUS DOS PERDÕES,1991,"37,69"
BOM JESUS DOS PERDÕES,2000,"24,91"
BOM JESUS DOS PERDÕES,2010,"20,63"
BOM SUCESSO DE ITARARÉ,1991,"46,63"
BOM SUCESSO DE ITARARÉ,2000,"29,72"
BOM SUCESSO DE ITARARÉ,2010,"24,01"
BORACÉIA,1991,"28,66"
BORACÉIA,2000,"18,01"
BORACÉIA,2010,"13,80"
BORBOREMA,1991,"37,85"
BORBOREMA,2000,"22,79"
BORBOREMA,2010,"17,35"
BOREBI,1991,"31,93"
BOREBI,2000,"25,90"
BOREBI,2010,"15,77"
BORÁ,1991,"24,37"
BORÁ,2000,"21,49"
BORÁ,2010,"14,07"
BOTUCATU,1991,"29,31"
BOTUCATU,2000,"21,19"
BOTUCATU,2010,"12,53"
BRAGANÇA PAULISTA,1991,"27,47"
BRAGANÇA PAULISTA,2000,"21,24"
BRAGANÇA PAULISTA,2010,"12,32"
BRAÚNA,1991,"31,11"
BRAÚNA,2000,"22,11"
BRAÚNA,2010,"17,47"
BREJO ALEGRE,1991,"37,66"
BREJO ALEGRE,2000,"26,56"
BREJO ALEGRE,2010,"17,86"
BRODOWSKI,1991,"26,25"
BRODOWSKI,2000,"18,70"
BRODOWSKI,2010,"14,02"
BROTAS,1991,"33,11"
BROTAS,2000,"25,77"
BROTAS,2010,"19,07"
BURI,1991,"48,04"
BURI,2000,"34,18"
BURI,2010,"20,95"
BURITAMA,1991,"29,96"
BURITAMA,2000,"27,46"
BURITAMA,2010,"16,51"
BURITIZAL,1991,"31,53"
BURITIZAL,2000,"24,38"
BURITIZAL,2010,"17,43"
BÁLSAMO,1991,"23,46"
BÁLSAMO,2000,"17,02"
BÁLSAMO,2010,"15,54"
CABREÚVA,1991,"33,64"
CABREÚVA,2000,"21,56"
CABREÚVA,2010,"17,63"
CABRÁLIA PAULISTA,1991,"41,13"
CABRÁLIA PAULISTA,2000,"28,18"
CABRÁLIA PAULISTA,2010,"19,49"
CACHOEIRA PAULISTA,1991,"25,06"
CACHOEIRA PAULISTA,2000,"19,21"
CACHOEIRA PAULISTA,2010,"15,43"
CACONDE,1991,"30,12"
CACONDE,2000,"20,75"
CACONDE,2010,"14,59"
CAFELÂNDIA,1991,"26,71"
CAFELÂNDIA,2000,"20,06"
CAFELÂNDIA,2010,"13,69"
CAIABU,1991,"32,22"
CAIABU,2000,"21,62"
CAIABU,2010,"18,19"
CAIEIRAS,1991,"31,94"
CAIEIRAS,2000,"19,48"
CAIEIRAS,2010,"11,83"
CAIUÁ,1991,"45,88"
CAIUÁ,2000,"33,19"
CAIUÁ,2010,"20,57"
CAJAMAR,1991,"32,82"
CAJAMAR,2000,"26,81"
CAJAMAR,2010,"19,66"
CAJATI,1991,"33,04"
CAJATI,2000,"28,41"
CAJATI,2010,"17,24"
CAJOBI,1991,"24,66"
CAJOBI,2000,"21,97"
CAJOBI,2010,"18,29"
CAJURU,1991,"31,93"
CAJURU,2000,"23,11"
CAJURU,2010,"17,92"
CAMPINA DO MONTE ALEGRE,1991,"37,92"
CAMPINA DO MONTE ALEGRE,2000,"28,42"
CAMPINA DO MONTE ALEGRE,2010,"15,71"
CAMPINAS,1991,"26,73"
CAMPINAS,2000,"20,77"
CAMPINAS,2010,"13,70"
CAMPO LIMPO PAULISTA,1991,"34,57"
CAMPO LIMPO PAULISTA,2000,"20,20"
CAMPO LIMPO PAULISTA,2010,"16,35"
CAMPOS DO JORDÃO,1991,"28,55"
CAMPOS DO JORDÃO,2000,"25,72"
CAMPOS DO JORDÃO,2010,"15,17"
CAMPOS NOVOS PAULISTA,1991,"32,50"
CAMPOS NOVOS PAULISTA,2000,"22,49"
CAMPOS NOVOS PAULISTA,2010,"18,09"
CANANÉIA,1991,"30,14"
CANANÉIA,2000,"19,90"
CANANÉIA,2010,"15,19"
CANAS,1991,"39,48"
CANAS,2000,"31,50"
CANAS,2010,"21,17"
CANITAR,1991,"34,78"
CANITAR,2000,"27,50"
CANITAR,2010,"21,93"
CAPELA DO ALTO,1991,"32,39"
CAPELA DO ALTO,2000,"25,75"
CAPELA DO ALTO,2010,"18,21"
CAPIVARI,1991,"24,01"
CAPIVARI,2000,"20,74"
CAPIVARI,2010,"14,38"
CAPÃO BONITO,1991,"42,32"
CAPÃO BONITO,2000,"27,51"
CAPÃO BONITO,2010,"17,86"
CARAGUATATUBA,1991,"33,64"
CARAGUATATUBA,2000,"19,60"
CARAGUATATUBA,2010,"14,61"
CARAPICUÍBA,1991,"26,60"
CARAPICUÍBA,2000,"24,72"
CARAPICUÍBA,2010,"16,10"
CARDOSO,1991,"35,45"
CARDOSO,2000,"23,01"
CARDOSO,2010,"15,03"
CASA BRANCA,1991,"29,06"
CASA BRANCA,2000,"18,11"
CASA BRANCA,2010,"15,54"
CASTILHO,1991,"33,04"
CASTILHO,2000,"25,87"
CASTILHO,2010,"17,72"
CATANDUVA,1991,"22,82"
CATANDUVA,2000,"20,85"
CATANDUVA,2010,"14,42"
CATIGUÁ,1991,"30,40"
CATIGUÁ,2000,"21,32"
CATIGUÁ,2010,"15,14"
CAÇAPAVA,1991,"30,00"
CAÇAPAVA,2000,"18,78"
CAÇAPAVA,2010,"13,45"
CEDRAL,1991,"23,29"
CEDRAL,2000,"14,57"
CEDRAL,2010,"12,29"
CERQUEIRA CÉSAR,1991,"40,48"
CERQUEIRA CÉSAR,2000,"28,53"
CERQUEIRA CÉSAR,2010,"18,44"
CERQUILHO,1991,"25,75"
CERQUILHO,2000,"19,19"
CERQUILHO,2010,"13,80"
CESÁRIO LANGE,1991,"31,77"
CESÁRIO LANGE,2000,"23,16"
CESÁRIO LANGE,2010,"20,38"
CHARQUEADA,1991,"31,53"
CHARQUEADA,2000,"22,44"
CHARQUEADA,2010,"18,55"
CHAVANTES,1991,"29,18"
CHAVANTES,2000,"23,56"
CHAVANTES,2010,"17,67"
CLEMENTINA,1991,"27,19"
CLEMENTINA,2000,"22,45"
CLEMENTINA,2010,"18,42"
COLINA,1991,"25,85"
COLINA,2000,"20,50"
COLINA,2010,"15,81"
COLÔMBIA,1991,"35,20"
COLÔMBIA,2000,"23,30"
COLÔMBIA,2010,"20,57"
CONCHAL,1991,"32,48"
CONCHAL,2000,"21,50"
CONCHAL,2010,"17,69"
CONCHAS,1991,"29,06"
CONCHAS,2000,"23,96"
CONCHAS,2010,"16,70"
CORDEIRÓPOLIS,1991,"24,39"
CORDEIRÓPOLIS,2000,"15,37"
CORDEIRÓPOLIS,2010,"13,45"
COROADOS,1991,"33,11"
COROADOS,2000,"21,69"
COROADOS,2010,"18,97"
CORONEL MACEDO,1991,"42,12"
CORONEL MACEDO,2000,"33,82"
CORONEL MACEDO,2010,"19,58"
CORUMBATAÍ,1991,"26,00"
CORUMBATAÍ,2000,"23,74"
CORUMBATAÍ,2010,"16,30"
COSMORAMA,1991,"34,77"
COSMORAMA,2000,"20,62"
COSMORAMA,2010,"15,40"
COSMÓPOLIS,1991,"27,40"
COSMÓPOLIS,2000,"19,98"
COSMÓPOLIS,2010,"10,66"
COTIA,1991,"25,27"
COTIA,2000,"21,00"
COTIA,2010,"13,84"
CRAVINHOS,1991,"26,08"
CRAVINHOS,2000,"20,41"
CRAVINHOS,2010,"14,61"
CRISTAIS PAULISTA,1991,"32,76"
CRISTAIS PAULISTA,2000,"27,70"
CRISTAIS PAULISTA,2010,"20,62"
CRUZEIRO,1991,"34,66"
CRUZEIRO,2000,"19,85"
CRUZEIRO,2010,"13,28"
CRUZÁLIA,1991,"27,36"
CRUZÁLIA,2000,"23,74"
CRUZÁLIA,2010,"15,03"
CUBATÃO,1991,"42,32"
CUBATÃO,2000,"26,49"
CUBATÃO,2010,"18,34"
CUNHA,1991,"35,76"
CUNHA,2000,"21,01"
CUNHA,2010,"17,86"
CÁSSIA DOS COQUEIROS,1991,"22,78"
CÁSSIA DOS COQUEIROS,2000,"17,55"
CÁSSIA DOS COQUEIROS,2010,"14,02"
CÂNDIDO MOTA,1991,"31,39"
CÂNDIDO MOTA,2000,"20,99"
CÂNDIDO MOTA,2010,"15,82"
CÂNDIDO RODRIGUES,1991,"28,78"
CÂNDIDO RODRIGUES,2000,"22,66"
CÂNDIDO RODRIGUES,2010,"14,03"
DESCALVADO,1991,"25,66"
DESCALVADO,2000,"18,56"
DESCALVADO,2010,"12,76"
DIADEMA,1991,"31,65"
DIADEMA,2000,"24,10"
DIADEMA,2010,"15,83"
DIRCE REIS,1991,"37,66"
DIRCE REIS,2000,"24,46"
DIRCE REIS,2010,"16,11"
DIVINOLÂNDIA,1991,"29,92"
DIVINOLÂNDIA,2000,"20,58"
DIVINOLÂNDIA,2010,"15,38"
DOBRADA,1991,"25,97"
DOBRADA,2000,"24,32"
DOBRADA,2010,"18,70"
DOIS CÓRREGOS,1991,"31,47"
DOIS CÓRREGOS,2000,"25,87"
DOIS CÓRREGOS,2010,"15,05"
DOLCINÓPOLIS,1991,"24,66"
DOLCINÓPOLIS,2000,"23,76"
DOLCINÓPOLIS,2010,"17,95"
DOURADO,1991,"34,68"
DOURADO,2000,"24,68"
DOURADO,2010,"19,54"
DRACENA,1991,"36,38"
DRACENA,2000,"16,72"
DRACENA,2010,"14,96"
DUARTINA,1991,"31,93"
DUARTINA,2000,"22,95"
DUARTINA,2010,"16,64"
DUMONT,1991,"26,25"
DUMONT,2000,"22,01"
DUMONT,2010,"15,48"
ECHAPORÃ,1991,"26,97"
ECHAPORÃ,2000,"21,48"
ECHAPORÃ,2010,"17,03"
ELDORADO,1991,"36,38"
ELDORADO,2000,"21,97"
ELDORADO,2010,"15,64"
ELIAS FAUSTO,1991,"33,49"
ELIAS FAUSTO,2000,"25,07"
ELIAS FAUSTO,2010,"18,29"
ELISIÁRIO,1991,"24,66"
ELISIÁRIO,2000,"24,07"
ELISIÁRIO,2010,"17,93"
EMBAÚBA,1991,"31,11"
EMBAÚBA,2000,"19,96"
EMBAÚBA,2010,"16,32"
EMBU,1991,"31,76"
EMBU,2000,"24,54"
EMBU,2010,"15,18"
EMBU-GUAÇU,1991,"36,16"
EMBU-GUAÇU,2000,"23,26"
EMBU-GUAÇU,2010,"17,03"
EMILIANÓPOLIS,1991,"36,64"
EMILIANÓPOLIS,2000,"25,04"
EMILIANÓPOLIS,2010,"20,27"
ENGENHEIRO COELHO,1991,"33,11"
ENGENHEIRO COELHO,2000,"21,90"
ENGENHEIRO COELHO,2010,"19,13"
ESPÍRITO SANTO DO PINHAL,1991,"21,27"
ESPÍRITO SANTO DO PINHAL,2000,"17,31"
ESPÍRITO SANTO DO PINHAL,2010,"13,22"
ESPÍRITO SANTO DO TURVO,1991,"37,66"
ESPÍRITO SANTO DO TURVO,2000,"28,22"
ESPÍRITO SANTO DO TURVO,2010,"18,65"
ESTIVA GERBI,1991,"33,11"
ESTIVA GERBI,2000,"22,45"
ESTIVA GERBI,2010,"19,13"
ESTRELA D'OESTE,1991,"28,59"
ESTRELA D'OESTE,2000,"19,88"
ESTRELA D'OESTE,2010,"13,10"
ESTRELA DO NORTE,1991,"31,65"
ESTRELA DO NORTE,2000,"25,82"
ESTRELA DO NORTE,2010,"18,70"
EUCLIDES DA CUNHA PAULISTA,1991,"38,69"
EUCLIDES DA CUNHA PAULISTA,2000,"27,03"
EUCLIDES DA CUNHA PAULISTA,2010,"20,57"
FARTURA,1991,"38,17"
FARTURA,2000,"22,10"
FARTURA,2010,"13,68"
FERNANDO PRESTES,1991,"26,97"
FERNANDO PRESTES,2000,"18,33"
FERNANDO PRESTES,2010,"13,34"
FERNANDÓPOLIS,1991,"20,44"
FERNANDÓPOLIS,2000,"16,50"
FERNANDÓPOLIS,2010,"14,37"
FERNÃO,1991,"37,66"
FERNÃO,2000,"23,76"
FERNÃO,2010,"16,08"
FERRAZ DE VASCONCELOS,1991,"36,38"
FERRAZ DE VASCONCELOS,2000,"23,17"
FERRAZ DE VASCONCELOS,2010,"17,58"
FLORA RICA,1991,"39,48"
FLORA RICA,2000,"28,95"
FLORA RICA,2010,"21,36"
FLOREAL,1991,"34,27"
FLOREAL,2000,"21,81"
FLOREAL,2010,"19,85"
FLORÍNIA,1991,"32,73"
FLORÍNIA,2000,"22,49"
FLORÍNIA,2010,"18,52"
FLÓRIDA PAULISTA,1991,"36,24"
FLÓRIDA PAULISTA,2000,"28,39"
FLÓRIDA PAULISTA,2010,"19,96"
FRANCA,1991,"23,90"
FRANCA,2000,"19,96"
FRANCA,2010,"16,03"
FRANCISCO MORATO,1991,"41,89"
FRANCISCO MORATO,2000,"25,85"
FRANCISCO MORATO,2010,"19,05"
FRANCO DA ROCHA,1991,"31,94"
FRANCO DA ROCHA,2000,"26,00"
FRANCO DA ROCHA,2010,"15,18"
GABRIEL MONTEIRO,1991,"31,26"
GABRIEL MONTEIRO,2000,"27,17"
GABRIEL MONTEIRO,2010,"19,77"
GARÇA,1991,"31,32"
GARÇA,2000,"22,86"
GARÇA,2010,"15,43"
GASTÃO VIDIGAL,1991,"37,77"
GASTÃO VIDIGAL,2000,"25,57"
GASTÃO VIDIGAL,2010,"18,83"
GAVIÃO PEIXOTO,1991,"34,57"
GAVIÃO PEIXOTO,2000,"24,50"
GAVIÃO PEIXOTO,2010,"20,56"
GENERAL SALGADO,1991,"37,39"
GENERAL SALGADO,2000,"26,88"
GENERAL SALGADO,2010,"19,85"
GETULINA,1991,"37,39"
GETULINA,2000,"25,75"
GETULINA,2010,"19,35"
GLICÉRIO,1991,"35,65"
GLICÉRIO,2000,"20,23"
GLICÉRIO,2010,"14,56"
GUAIMBÊ,1991,"32,50"
GUAIMBÊ,2000,"25,10"
GUAIMBÊ,2010,"17,47"
GUAIÇARA,1991,"29,61"
GUAIÇARA,2000,"25,90"
GUAIÇARA,2010,"15,07"
GUAPIARA,1991,"44,36"
GUAPIARA,2000,"28,32"
GUAPIARA,2010,"20,09"
GUAPIAÇU,1991,"28,55"
GUAPIAÇU,2000,"16,92"
GUAPIAÇU,2010,"13,80"
GUARACI,1991,"35,21"
GUARACI,2000,"23,28"
GUARACI,2010,"16,39"
GUARANI D'OESTE,1991,"32,73"
GUARANI D'OESTE,2000,"24,86"
GUARANI D'OESTE,2010,"20,15"
GUARANTÃ,1991,"42,29"
GUARANTÃ,2000,"27,87"
GUARANTÃ,2010,"17,17"
GUARARAPES,1991,"25,97"
GUARARAPES,2000,"24,10"
GUARARAPES,2010,"16,35"
GUARAREMA,1991,"37,96"
GUARAREMA,2000,"21,85"
GUARAREMA,2010,"18,82"
GUARATINGUETÁ,1991,"28,75"
GUARATINGUETÁ,2000,"21,23"
GUARATINGUETÁ,2010,"10,11"
GUARAÇAÍ,1991,"31,15"
GUARAÇAÍ,2000,"28,33"
GUARAÇAÍ,2010,"20,45"
GUAREÍ,1991,"37,52"
GUAREÍ,2000,"22,47"
GUAREÍ,2010,"20,30"
GUARIBA,1991,"31,91"
GUARIBA,2000,"27,41"
GUARIBA,2010,"19,59"
GUARUJÁ,1991,"37,52"
GUARUJÁ,2000,"24,80"
GUARUJÁ,2010,"14,80"
GUARULHOS,1991,"31,94"
GUARULHOS,2000,"22,29"
GUARULHOS,2010,"15,47"
GUARÁ,1991,"31,53"
GUARÁ,2000,"28,36"
GUARÁ,2010,"17,86"
GUATAPARÁ,1991,"33,64"
GUATAPARÁ,2000,"21,24"
GUATAPARÁ,2010,"18,24"
GUAÍRA,1991,"31,24"
GUAÍRA,2000,"20,72"
GUAÍRA,2010,"18,02"
GUZOLÂNDIA,1991,"37,85"
GUZOLÂNDIA,2000,"23,06"
GUZOLÂNDIA,2010,"19,85"
GÁLIA,1991,"43,48"
GÁLIA,2000,"29,71"
GÁLIA,2010,"18,21"
HERCULÂNDIA,1991,"36,38"
HERCULÂNDIA,2000,"22,09"
HERCULÂNDIA,2010,"19,81"
HOLAMBRA,1991,"27,40"
HOLAMBRA,2000,"17,23"
HOLAMBRA,2010,"11,71"
HORTOLÂNDIA,1991,"27,28"
HORTOLÂNDIA,2000,"22,31"
HORTOLÂNDIA,2010,"14,13"
IACANGA,1991,"26,12"
IACANGA,2000,"17,81"
IACANGA,2010,"14,15"
IACRI,1991,"28,66"
IACRI,2000,"20,59"
IACRI,2010,"14,61"
IARAS,1991,"41,15"
IARAS,2000,"27,73"
IARAS,2010,"15,54"
IBATÉ,1991,"31,65"
IBATÉ,2000,"24,16"
IBATÉ,2010,"19,24"
IBIRAREMA,1991,"32,91"
IBIRAREMA,2000,"24,00"
IBIRAREMA,2010,"18,84"
IBIRÁ,1991,"23,62"
IBIRÁ,2000,"20,53"
IBIRÁ,2010,"16,22"
IBITINGA,1991,"25,97"
IBITINGA,2000,"21,39"
IBITINGA,2010,"15,73"
IBIÚNA,1991,"34,77"
IBIÚNA,2000,"20,45"
IBIÚNA,2010,"17,97"
ICÉM,1991,"38,35"
ICÉM,2000,"25,15"
ICÉM,2010,"20,16"
IEPÊ,1991,"35,75"
IEPÊ,2000,"28,01"
IEPÊ,2010,"19,17"
IGARAPAVA,1991,"31,53"
IGARAPAVA,2000,"20,49"
IGARAPAVA,2010,"15,66"
IGARATÁ,1991,"25,03"
IGARATÁ,2000,"23,90"
IGARATÁ,2010,"14,85"
IGARAÇU DO TIETÊ,1991,"30,21"
IGARAÇU DO TIETÊ,2000,"25,90"
IGARAÇU DO TIETÊ,2010,"16,53"
IGUAPE,1991,"32,39"
IGUAPE,2000,"23,58"
IGUAPE,2010,"15,60"
ILHA COMPRIDA,1991,"36,38"
ILHA COMPRIDA,2000,"22,02"
ILHA COMPRIDA,2010,"18,20"
ILHA SOLTEIRA,1991,"22,43"
ILHA SOLTEIRA,2000,"15,10"
ILHA SOLTEIRA,2010,"13,34"
ILHABELA,1991,"37,90"
ILHABELA,2000,"19,88"
ILHABELA,2010,"14,85"
INDAIATUBA,1991,"26,46"
INDAIATUBA,2000,"20,30"
INDAIATUBA,2010,"15,51"
INDIANA,1991,"31,83"
INDIANA,2000,"19,91"
INDIANA,2010,"16,08"
INDIAPORÃ,1991,"38,77"
INDIAPORÃ,2000,"23,77"
INDIAPORÃ,2010,"16,86"
INÚBIA PAULISTA,1991,"29,65"
INÚBIA PAULISTA,2000,"21,99"
INÚBIA PAULISTA,2010,"15,42"
IPAUSSU,1991,"34,66"
IPAUSSU,2000,"20,32"
IPAUSSU,2010,"17,67"
IPERÓ,1991,"35,28"
IPERÓ,2000,"31,58"
IPERÓ,2010,"19,16"
IPEÚNA,1991,"24,39"
IPEÚNA,2000,"16,88"
IPEÚNA,2010,"14,61"
IPIGUÁ,1991,"26,97"
IPIGUÁ,2000,"21,53"
IPIGUÁ,2010,"16,47"
IPORANGA,1991,"47,68"
IPORANGA,2000,"28,32"
IPORANGA,2010,"18,96"
IPUÃ,1991,"37,52"
IPUÃ,2000,"22,28"
IPUÃ,2010,"15,49"
IRACEMÁPOLIS,1991,"22,26"
IRACEMÁPOLIS,2000,"20,42"
IRACEMÁPOLIS,2010,"12,99"
IRAPURU,1991,"31,05"
IRAPURU,2000,"22,17"
IRAPURU,2010,"16,47"
IRAPUÃ,1991,"29,82"
IRAPUÃ,2000,"26,90"
IRAPUÃ,2010,"15,96"
ITABERÁ,1991,"36,43"
ITABERÁ,2000,"22,52"
ITABERÁ,2010,"20,47"
ITAJOBI,1991,"29,58"
ITAJOBI,2000,"20,53"
ITAJOBI,2010,"17,17"
ITAJU,1991,"34,27"
ITAJU,2000,"20,81"
ITAJU,2010,"18,16"
ITANHAÉM,1991,"40,44"
ITANHAÉM,2000,"26,08"
ITANHAÉM,2010,"18,20"
ITAPECERICA DA SERRA,1991,"36,16"
ITAPECERICA DA SERRA,2000,"22,38"
ITAPECERICA DA SERRA,2010,"15,09"
ITAPETININGA,1991,"37,69"
ITAPETININGA,2000,"24,81"
ITAPETININGA,2010,"13,86"
ITAPEVA,1991,"44,36"
ITAPEVA,2000,"27,03"
ITAPEVA,2010,"20,48"
ITAPEVI,1991,"32,82"
ITAPEVI,2000,"26,24"
ITAPEVI,2010,"14,50"
ITAPIRA,1991,"31,93"
ITAPIRA,2000,"19,78"
ITAPIRA,2010,"15,16"
ITAPIRAPUÃ PAULISTA,1991,"48,04"
ITAPIRAPUÃ PAULISTA,2000,"28,69"
ITAPIRAPUÃ PAULISTA,2010,"18,96"
ITAPORANGA,1991,"37,66"
ITAPORANGA,2000,"26,26"
ITAPORANGA,2010,"16,85"
ITAPURA,1991,"35,75"
ITAPURA,2000,"32,01"
ITAPURA,2010,"19,36"
ITAPUÍ,1991,"36,36"
ITAPUÍ,2000,"25,90"
ITAPUÍ,2010,"16,24"
ITAQUAQUECETUBA,1991,"41,62"
ITAQUAQUECETUBA,2000,"28,89"
ITAQUAQUECETUBA,2010,"17,37"
ITARARÉ,1991,"45,88"
ITARARÉ,2000,"32,20"
ITARARÉ,2010,"20,47"
ITARIRI,1991,"39,68"
ITARIRI,2000,"27,80"
ITARIRI,2010,"16,68"
ITATIBA,1991,"27,47"
ITATIBA,2000,"18,84"
ITATIBA,2010,"15,79"
ITATINGA,1991,"34,08"
ITATINGA,2000,"21,78"
ITATINGA,2010,"16,29"
ITAÍ,1991,"35,76"
ITAÍ,2000,"25,67"
ITAÍ,2010,"17,46"
ITAÓCA,1991,"47,68"
ITAÓCA,2000,"33,14"
ITAÓCA,2010,"22,49"
ITIRAPINA,1991,"31,50"
ITIRAPINA,2000,"22,85"
ITIRAPINA,2010,"19,33"
ITIRAPUÃ,1991,"29,96"
ITIRAPUÃ,2000,"28,36"
ITIRAPUÃ,2010,"17,86"
ITOBI,1991,"35,67"
ITOBI,2000,"21,36"
ITOBI,2010,"18,52"
ITU,1991,"31,35"
ITU,2000,"20,56"
ITU,2010,"14,95"
ITUPEVA,1991,"24,05"
ITUPEVA,2000,"20,22"
ITUPEVA,2010,"14,73"
ITUVERAVA,1991,"28,66"
ITUVERAVA,2000,"19,65"
ITUVERAVA,2010,"14,96"
ITÁPOLIS,1991,"31,01"
ITÁPOLIS,2000,"22,76"
ITÁPOLIS,2010,"16,81"
JABORANDI,1991,"32,22"
JABORANDI,2000,"22,06"
JABORANDI,2010,"15,82"
JABOTICABAL,1991,"31,91"
JABOTICABAL,2000,"19,82"
JABOTICABAL,2010,"15,19"
JACAREÍ,1991,"34,60"
JACAREÍ,2000,"21,07"
JACAREÍ,2010,"14,51"
JACI,1991,"33,11"
JACI,2000,"22,78"
JACI,2010,"18,78"
JACUPIRANGA,1991,"36,24"
JACUPIRANGA,2000,"29,80"
JACUPIRANGA,2010,"17,24"
JAGUARIÚNA,1991,"27,40"
JAGUARIÚNA,2000,"16,88"
JAGUARIÚNA,2010,"12,99"
JALES,1991,"31,91"
JALES,2000,"18,56"
JALES,2010,"13,69"
JAMBEIRO,1991,"20,44"
JAMBEIRO,2000,"15,10"
JAMBEIRO,2010,"14,34"
JANDIRA,1991,"26,60"
JANDIRA,2000,"21,15"
JANDIRA,2010,"17,13"
JARDINÓPOLIS,1991,"26,32"
JARDINÓPOLIS,2000,"24,26"
JARDINÓPOLIS,2010,"15,08"
JARINU,1991,"40,31"
JARINU,2000,"24,63"
JARINU,2010,"17,90"
JAÚ,1991,"22,26"
JAÚ,2000,"20,42"
JAÚ,2010,"11,13"
JERIQUARA,1991,"33,04"
JERIQUARA,2000,"27,58"
JERIQUARA,2010,"19,15"
JOANÓPOLIS,1991,"37,76"
JOANÓPOLIS,2000,"25,72"
JOANÓPOLIS,2010,"18,07"
JOSÉ BONIFÁCIO,1991,"23,90"
JOSÉ BONIFÁCIO,2000,"20,37"
JOSÉ BONIFÁCIO,2010,"12,53"
JOÃO RAMALHO,1991,"34,08"
JOÃO RAMALHO,2000,"21,73"
JOÃO RAMALHO,2010,"18,70"
JUMIRIM,1991,"24,51"
JUMIRIM,2000,"23,83"
JUMIRIM,2010,"14,10"
JUNDIAÍ,1991,"25,04"
JUNDIAÍ,2000,"18,17"
JUNDIAÍ,2010,"13,35"
JUNQUEIRÓPOLIS,1991,"35,65"
JUNQUEIRÓPOLIS,2000,"23,95"
JUNQUEIRÓPOLIS,2010,"14,33"
JUQUITIBA,1991,"34,57"
JUQUITIBA,2000,"26,42"
JUQUITIBA,2010,"21,90"
JUQUIÁ,1991,"37,85"
JUQUIÁ,2000,"24,40"
JUQUIÁ,2010,"18,20"
JÚLIO MESQUITA,1991,"37,66"
JÚLIO MESQUITA,2000,"28,58"
JÚLIO MESQUITA,2010,"19,35"
LAGOINHA,1991,"38,23"
LAGOINHA,2000,"31,42"
LAGOINHA,2010,"21,20"
LARANJAL PAULISTA,1991,"40,47"
LARANJAL PAULISTA,2000,"25,00"
LARANJAL PAULISTA,2010,"17,51"
LAVRINHAS,1991,"40,03"
LAVRINHAS,2000,"22,86"
LAVRINHAS,2010,"18,18"
LAVÍNIA,1991,"35,91"
LAVÍNIA,2000,"29,07"
LAVÍNIA,2010,"18,56"
LEME,1991,"29,58"
LEME,2000,"25,97"
LEME,2010,"15,25"
LENÇÓIS PAULISTA,1991,"27,00"
LENÇÓIS PAULISTA,2000,"18,32"
LENÇÓIS PAULISTA,2010,"15,43"
LIMEIRA,1991,"29,58"
LIMEIRA,2000,"21,18"
LIMEIRA,2010,"17,06"
LINDÓIA,1991,"26,97"
LINDÓIA,2000,"18,59"
LINDÓIA,2010,"13,92"
LINS,1991,"24,85"
LINS,2000,"18,87"
LINS,2010,"13,51"
LORENA,1991,"30,92"
LORENA,2000,"18,91"
LORENA,2010,"15,53"
LOURDES,1991,"36,38"
LOURDES,2000,"22,59"
LOURDES,2010,"18,97"
LOUVEIRA,1991,"22,82"
LOUVEIRA,2000,"18,56"
LOUVEIRA,2010,"14,27"
LUCIANÓPOLIS,1991,"30,45"
LUCIANÓPOLIS,2000,"25,38"
LUCIANÓPOLIS,2010,"19,75"
LUCÉLIA,1991,"26,67"
LUCÉLIA,2000,"23,06"
LUCÉLIA,2010,"16,21"
LUIZIÂNIA,1991,"33,04"
LUIZIÂNIA,2000,"27,47"
LUIZIÂNIA,2010,"19,11"
LUPÉRCIO,1991,"37,66"
LUPÉRCIO,2000,"25,96"
LUPÉRCIO,2010,"17,39"
LUTÉCIA,1991,"35,13"
LUTÉCIA,2000,"24,77"
LUTÉCIA,2010,"15,75"
LUÍS ANTÔNIO,1991,"37,85"
LUÍS ANTÔNIO,2000,"20,48"
LUÍS ANTÔNIO,2010,"18,24"
MACATUBA,1991,"31,47"
MACATUBA,2000,"22,10"
MACATUBA,2010,"14,48"
MACAUBAL,1991,"24,55"
MACAUBAL,2000,"21,92"
MACAUBAL,2010,"15,93"
MACEDÔNIA,1991,"31,93"
MACEDÔNIA,2000,"23,39"
MACEDÔNIA,2010,"15,17"
MAGDA,1991,"39,48"
MAGDA,2000,"22,68"
MAGDA,2010,"18,17"
MAIRINQUE,1991,"31,35"
MAIRINQUE,2000,"23,99"
MAIRINQUE,2010,"17,33"
MAIRIPORÃ,1991,"31,94"
MAIRIPORÃ,2000,"20,67"
MAIRIPORÃ,2010,"13,39"
MANDURI,1991,"41,03"
MANDURI,2000,"25,68"
MANDURI,2010,"18,79"
MARABÁ PAULISTA,1991,"44,30"
MARABÁ PAULISTA,2000,"30,37"
MARABÁ PAULISTA,2010,"19,77"
MARACAÍ,1991,"24,83"
MARACAÍ,2000,"22,79"
MARACAÍ,2010,"15,38"
MARAPOAMA,1991,"24,51"
MARAPOAMA,2000,"23,35"
MARAPOAMA,2010,"15,08"
MARINÓPOLIS,1991,"37,92"
MARINÓPOLIS,2000,"30,35"
MARINÓPOLIS,2010,"17,95"
MARIÁPOLIS,1991,"35,28"
MARIÁPOLIS,2000,"24,65"
MARIÁPOLIS,2010,"17,45"
MARTINÓPOLIS,1991,"35,67"
MARTINÓPOLIS,2000,"24,44"
MARTINÓPOLIS,2010,"17,17"
MARÍLIA,1991,"29,75"
MARÍLIA,2000,"20,58"
MARÍLIA,2010,"14,86"
MATÃO,1991,"26,67"
MATÃO,2000,"20,96"
MATÃO,2010,"15,60"
MAUÁ,1991,"31,65"
MAUÁ,2000,"23,86"
MAUÁ,2010,"15,10"
MENDONÇA,1991,"31,65"
MENDONÇA,2000,"22,76"
MENDONÇA,2010,"14,03"
MERIDIANO,1991,"37,69"
MERIDIANO,2000,"23,47"
MERIDIANO,2010,"18,79"
MESÓPOLIS,1991,"37,66"
MESÓPOLIS,2000,"24,34"
MESÓPOLIS,2010,"15,59"
MIGUELÓPOLIS,1991,"32,49"
MIGUELÓPOLIS,2000,"21,26"
MIGUELÓPOLIS,2010,"14,03"
MINEIROS DO TIETÊ,1991,"34,03"
MINEIROS DO TIETÊ,2000,"20,71"
MINEIROS DO TIETÊ,2010,"18,16"
MIRA ESTRELA,1991,"38,03"
MIRA ESTRELA,2000,"25,38"
MIRA ESTRELA,2010,"20,15"
MIRACATU,1991,"39,48"
MIRACATU,2000,"34,03"
MIRACATU,2010,"20,47"
MIRANDÓPOLIS,1991,"24,79"
MIRANDÓPOLIS,2000,"24,47"
MIRANDÓPOLIS,2010,"13,53"
MIRANTE DO PARANAPANEMA,1991,"34,77"
MIRANTE DO PARANAPANEMA,2000,"20,79"
MIRANTE DO PARANAPANEMA,2010,"16,24"
MIRASSOL,1991,"29,06"
MIRASSOL,2000,"17,78"
MIRASSOL,2010,"14,50"
MIRASSOLÂNDIA,1991,"28,98"
MIRASSOLÂNDIA,2000,"20,61"
MIRASSOLÂNDIA,2010,"17,48"
MOCOCA,1991,"32,20"
MOCOCA,2000,"20,20"
MOCOCA,2010,"17,72"
MOGI DAS CRUZES,1991,"35,88"
MOGI DAS CRUZES,2000,"21,21"
MOGI DAS CRUZES,2010,"14,19"
MOGI GUAÇU,1991,"27,80"
MOGI GUAÇU,2000,"19,09"
MOGI GUAÇU,2010,"15,03"
MOJI MIRIM,1991,"25,14"
MOJI MIRIM,2000,"19,64"
MOJI MIRIM,2010,"12,21"
MOMBUCA,1991,"30,27"
MOMBUCA,2000,"22,29"
MOMBUCA,2010,"18,55"
MONGAGUÁ,1991,"39,42"
MONGAGUÁ,2000,"26,93"
MONGAGUÁ,2010,"14,93"
MONTE ALEGRE DO SUL,1991,"26,97"
MONTE ALEGRE DO SUL,2000,"16,65"
MONTE ALEGRE DO SUL,2010,"13,45"
MONTE ALTO,1991,"22,07"
MONTE ALTO,2000,"18,29"
MONTE ALTO,2010,"14,38"
MONTE APRAZÍVEL,1991,"24,55"
MONTE APRAZÍVEL,2000,"20,05"
MONTE APRAZÍVEL,2010,"13,22"
MONTE AZUL PAULISTA,1991,"36,41"
MONTE AZUL PAULISTA,2000,"19,33"
MONTE AZUL PAULISTA,2010,"14,85"
MONTE CASTELO,1991,"35,45"
MONTE CASTELO,2000,"23,86"
MONTE CASTELO,2010,"19,24"
MONTE MOR,1991,"27,55"
MONTE MOR,2000,"22,66"
MONTE MOR,2010,"14,07"
MONTEIRO LOBATO,1991,"34,57"
MONTEIRO LOBATO,2000,"20,44"
MONTEIRO LOBATO,2010,"17,90"
MONÇÕES,1991,"37,66"
MONÇÕES,2000,"27,75"
MONÇÕES,2010,"19,24"
MORRO AGUDO,1991,"31,61"
MORRO AGUDO,2000,"26,56"
MORRO AGUDO,2010,"16,79"
MORUNGABA,1991,"29,65"
MORUNGABA,2000,"23,85"
MORUNGABA,2010,"20,63"
MOTUCA,1991,"25,97"
MOTUCA,2000,"24,04"
MOTUCA,2010,"14,49"
MURUTINGA DO SUL,1991,"26,97"
MURUTINGA DO SUL,2000,"21,83"
MURUTINGA DO SUL,2010,"15,60"
NANTES,1991,"39,48"
NANTES,2000,"28,83"
NANTES,2010,"22,04"
NARANDIBA,1991,"32,22"
NARANDIBA,2000,"22,67"
NARANDIBA,2010,"16,47"
NATIVIDADE DA SERRA,1991,"38,23"
NATIVIDADE DA SERRA,2000,"23,39"
NATIVIDADE DA SERRA,2010,"19,15"
NAZARÉ PAULISTA,1991,"32,50"
NAZARÉ PAULISTA,2000,"28,41"
NAZARÉ PAULISTA,2010,"18,74"
NEVES PAULISTA,1991,"31,15"
NEVES PAULISTA,2000,"20,87"
NEVES PAULISTA,2010,"18,17"
NHANDEARA,1991,"29,12"
NHANDEARA,2000,"19,96"
NHANDEARA,2010,"15,66"
NIPOÃ,1991,"31,53"
NIPOÃ,2000,"22,69"
NIPOÃ,2010,"19,24"
NOVA ALIANÇA,1991,"32,76"
NOVA ALIANÇA,2000,"20,52"
NOVA ALIANÇA,2010,"17,84"
NOVA CAMPINA,1991,"48,70"
NOVA CAMPINA,2000,"34,18"
NOVA CAMPINA,2010,"20,95"
NOVA CANAÃ PAULISTA,1991,"36,64"
NOVA CANAÃ PAULISTA,2000,"22,63"
NOVA CANAÃ PAULISTA,2010,"20,17"
NOVA CASTILHO,1991,"24,66"
NOVA CASTILHO,2000,"23,40"
NOVA CASTILHO,2010,"18,17"
NOVA EUROPA,1991,"26,16"
NOVA EUROPA,2000,"19,16"
NOVA EUROPA,2010,"13,54"
NOVA GRANADA,1991,"29,35"
NOVA GRANADA,2000,"21,30"
NOVA GRANADA,2010,"18,78"
NOVA GUATAPORANGA,1991,"24,48"
NOVA GUATAPORANGA,2000,"16,88"
NOVA GUATAPORANGA,2010,"14,85"
NOVA INDEPENDÊNCIA,1991,"31,83"
NOVA INDEPENDÊNCIA,2000,"19,64"
NOVA INDEPENDÊNCIA,2010,"17,72"
NOVA LUZITÂNIA,1991,"37,77"
NOVA LUZITÂNIA,2000,"27,01"
NOVA LUZITÂNIA,2010,"19,85"
NOVA ODESSA,1991,"26,94"
NOVA ODESSA,2000,"17,78"
NOVA ODESSA,2010,"13,11"
NOVAIS,1991,"34,08"
NOVAIS,2000,"20,71"
NOVAIS,2010,"18,29"
NOVO HORIZONTE,1991,"20,36"
NOVO HORIZONTE,2000,"17,62"
NOVO HORIZONTE,2010,"13,84"
NUPORANGA,1991,"31,24"
NUPORANGA,2000,"22,73"
NUPORANGA,2010,"13,80"
OCAUÇU,1991,"29,75"
OCAUÇU,2000,"24,34"
OCAUÇU,2010,"17,39"
OLÍMPIA,1991,"23,90"
OLÍMPIA,2000,"20,62"
OLÍMPIA,2010,"12,64"
ONDA VERDE,1991,"29,33"
ONDA VERDE,2000,"22,72"
ONDA VERDE,2010,"14,03"
ORIENTE,1991,"25,52"
ORIENTE,2000,"23,57"
ORIENTE,2010,"16,66"
ORINDIÚVA,1991,"38,35"
ORINDIÚVA,2000,"24,18"
ORINDIÚVA,2010,"18,09"
ORLÂNDIA,1991,"23,16"
ORLÂNDIA,2000,"18,11"
ORLÂNDIA,2010,"10,36"
OSASCO,1991,"26,60"
OSASCO,2000,"20,03"
OSASCO,2010,"15,50"
OSCAR BRESSANE,1991,"29,75"
OSCAR BRESSANE,2000,"25,29"
OSCAR BRESSANE,2010,"18,21"
OSVALDO CRUZ,1991,"27,37"
OSVALDO CRUZ,2000,"22,15"
OSVALDO CRUZ,2010,"16,66"
OURINHOS,1991,"24,11"
OURINHOS,2000,"19,01"
OURINHOS,2010,"13,34"
OURO VERDE,1991,"37,66"
OURO VERDE,2000,"27,95"
OURO VERDE,2010,"19,24"
OUROESTE,1991,"34,77"
OUROESTE,2000,"22,49"
OUROESTE,2010,"13,80"
PACAEMBU,1991,"29,31"
PACAEMBU,2000,"23,03"
PACAEMBU,2010,"16,01"
PALESTINA,1991,"26,32"
PALESTINA,2000,"25,13"
PALESTINA,2010,"15,54"
PALMARES PAULISTA,1991,"29,92"
PALMARES PAULISTA,2000,"27,95"
PALMARES PAULISTA,2010,"16,68"
PALMEIRA D'OESTE,1991,"36,62"
PALMEIRA D'OESTE,2000,"22,42"
PALMEIRA D'OESTE,2010,"17,49"
PALMITAL,1991,"38,31"
PALMITAL,2000,"24,35"
PALMITAL,2010,"19,20"
PANORAMA,1991,"36,38"
PANORAMA,2000,"22,42"
PANORAMA,2010,"19,24"
PARAGUAÇU PAULISTA,1991,"34,03"
PARAGUAÇU PAULISTA,2000,"26,82"
PARAGUAÇU PAULISTA,2010,"16,74"
PARAIBUNA,1991,"38,31"
PARAIBUNA,2000,"23,06"
PARAIBUNA,2010,"19,05"
PARANAPANEMA,1991,"41,83"
PARANAPANEMA,2000,"24,20"
PARANAPANEMA,2010,"16,51"
PARANAPUÃ,1991,"27,45"
PARANAPUÃ,2000,"23,55"
PARANAPUÃ,2010,"16,15"
PARAPUÃ,1991,"30,85"
PARAPUÃ,2000,"20,53"
PARAPUÃ,2010,"17,45"
PARAÍSO,1991,"28,30"
PARAÍSO,2000,"17,13"
PARAÍSO,2010,"15,43"
PARDINHO,1991,"33,49"
PARDINHO,2000,"21,03"
PARDINHO,2010,"18,44"
PARIQUERA-AÇU,1991,"34,77"
PARIQUERA-AÇU,2000,"21,68"
PARIQUERA-AÇU,2010,"14,19"
PARISI,1991,"40,48"
PARISI,2000,"25,38"
PARISI,2010,"16,18"
PATROCÍNIO PAULISTA,1991,"30,55"
PATROCÍNIO PAULISTA,2000,"20,48"
PATROCÍNIO PAULISTA,2010,"17,86"
PAULICÉIA,1991,"41,46"
PAULICÉIA,2000,"26,59"
PAULICÉIA,2010,"19,58"
PAULISTÂNIA,1991,"30,45"
PAULISTÂNIA,2000,"23,87"
PAULISTÂNIA,2010,"18,82"
PAULO DE FARIA,1991,"38,77"
PAULO DE FARIA,2000,"27,48"
PAULO DE FARIA,2010,"20,84"
PAULÍNIA,1991,"23,46"
PAULÍNIA,2000,"20,24"
PAULÍNIA,2010,"14,14"
PEDERNEIRAS,1991,"34,74"
PEDERNEIRAS,2000,"21,62"
PEDERNEIRAS,2010,"19,39"
PEDRA BELA,1991,"44,02"
PEDRA BELA,2000,"26,62"
PEDRA BELA,2010,"21,29"
PEDRANÓPOLIS,1991,"22,64"
PEDRANÓPOLIS,2000,"22,36"
PEDRANÓPOLIS,2010,"14,91"
PEDREGULHO,1991,"33,11"
PEDREGULHO,2000,"21,94"
PEDREGULHO,2010,"18,52"
PEDREIRA,1991,"24,80"
PEDREIRA,2000,"16,71"
PEDREIRA,2010,"14,01"
PEDRINHAS PAULISTA,1991,"26,16"
PEDRINHAS PAULISTA,2000,"17,13"
PEDRINHAS PAULISTA,2010,"15,43"
PEDRO DE TOLEDO,1991,"37,92"
PEDRO DE TOLEDO,2000,"32,56"
PEDRO DE TOLEDO,2010,"19,44"
PENÁPOLIS,1991,"33,53"
PENÁPOLIS,2000,"20,03"
PENÁPOLIS,2010,"14,42"
PEREIRA BARRETO,1991,"27,28"
PEREIRA BARRETO,2000,"24,47"
PEREIRA BARRETO,2010,"15,82"
PEREIRAS,1991,"31,83"
PEREIRAS,2000,"19,16"
PEREIRAS,2010,"13,17"
PERUÍBE,1991,"40,44"
PERUÍBE,2000,"26,08"
PERUÍBE,2010,"14,93"
PIACATU,1991,"31,26"
PIACATU,2000,"28,64"
PIACATU,2010,"16,06"
PIEDADE,1991,"40,18"
PIEDADE,2000,"24,35"
PIEDADE,2010,"15,54"
PILAR DO SUL,1991,"40,18"
PILAR DO SUL,2000,"28,82"
PILAR DO SUL,2010,"18,55"
PINDAMONHANGABA,1991,"33,64"
PINDAMONHANGABA,2000,"19,73"
PINDAMONHANGABA,2010,"14,96"
PINDORAMA,1991,"25,87"
PINDORAMA,2000,"20,53"
PINDORAMA,2010,"16,17"
PINHALZINHO,1991,"29,65"
PINHALZINHO,2000,"24,58"
PINHALZINHO,2010,"19,86"
PIQUEROBI,1991,"31,37"
PIQUEROBI,2000,"26,16"
PIQUEROBI,2010,"16,70"
PIQUETE,1991,"33,49"
PIQUETE,2000,"21,06"
PIQUETE,2010,"18,18"
PIRACAIA,1991,"28,78"
PIRACAIA,2000,"22,96"
PIRACAIA,2010,"15,28"
PIRACICABA,1991,"25,92"
PIRACICABA,2000,"19,58"
PIRACICABA,2010,"16,18"
PIRAJU,1991,"42,32"
PIRAJU,2000,"25,70"
PIRAJU,2010,"16,01"
PIRAJUÍ,1991,"26,40"
PIRAJUÍ,2000,"16,48"
PIRAJUÍ,2010,"13,92"
PIRANGI,1991,"27,00"
PIRANGI,2000,"18,39"
PIRANGI,2010,"15,43"
PIRAPORA DO BOM JESUS,1991,"32,82"
PIRAPORA DO BOM JESUS,2000,"26,26"
PIRAPORA DO BOM JESUS,2010,"19,66"
PIRAPOZINHO,1991,"31,63"
PIRAPOZINHO,2000,"23,52"
PIRAPOZINHO,2010,"14,03"
PIRASSUNUNGA,1991,"27,46"
PIRASSUNUNGA,2000,"18,79"
PIRASSUNUNGA,2010,"12,09"
PIRATININGA,1991,"27,81"
PIRATININGA,2000,"20,09"
PIRATININGA,2010,"14,46"
PITANGUEIRAS,1991,"31,91"
PITANGUEIRAS,2000,"25,31"
PITANGUEIRAS,2010,"17,47"
PLANALTO,1991,"29,82"
PLANALTO,2000,"25,70"
PLANALTO,2010,"15,02"
PLATINA,1991,"39,48"
PLATINA,2000,"27,93"
PLATINA,2010,"18,09"
POLONI,1991,"24,55"
POLONI,2000,"18,82"
POLONI,2010,"13,92"
POMPÉIA,1991,"27,34"
POMPÉIA,2000,"17,04"
POMPÉIA,2010,"14,01"
PONGAÍ,1991,"30,45"
PONGAÍ,2000,"21,75"
PONGAÍ,2010,"15,91"
PONTAL,1991,"29,96"
PONTAL,2000,"26,32"
PONTAL,2010,"16,57"
PONTALINDA,1991,"37,52"
PONTALINDA,2000,"22,98"
PONTALINDA,2010,"15,59"
PONTES GESTAL,1991,"40,48"
PONTES GESTAL,2000,"28,36"
PONTES GESTAL,2010,"20,23"
POPULINA,1991,"27,64"
POPULINA,2000,"26,15"
POPULINA,2010,"20,34"
PORANGABA,1991,"34,57"
PORANGABA,2000,"19,33"
PORANGABA,2010,"14,01"
PORTO FELIZ,1991,"25,87"
PORTO FELIZ,2000,"23,63"
PORTO FELIZ,2010,"16,80"
PORTO FERREIRA,1991,"31,91"
PORTO FERREIRA,2000,"24,24"
PORTO FERREIRA,2010,"17,72"
POTIM,1991,"38,69"
POTIM,2000,"31,30"
POTIM,2010,"20,09"
POTIRENDABA,1991,"26,29"
POTIRENDABA,2000,"19,50"
POTIRENDABA,2010,"13,57"
POÁ,1991,"26,70"
POÁ,2000,"22,59"
POÁ,2010,"14,79"
PRACINHA,1991,"39,48"
PRACINHA,2000,"23,77"
PRACINHA,2010,"19,23"
PRADÓPOLIS,1991,"31,65"
PRADÓPOLIS,2000,"27,89"
PRADÓPOLIS,2010,"18,24"
PRAIA GRANDE,1991,"37,85"
PRAIA GRANDE,2000,"20,66"
PRAIA GRANDE,2010,"17,57"
PRATÂNIA,1991,"44,30"
PRATÂNIA,2000,"26,80"
PRATÂNIA,2010,"21,11"
PRESIDENTE ALVES,1991,"38,03"
PRESIDENTE ALVES,2000,"27,88"
PRESIDENTE ALVES,2010,"19,55"
PRESIDENTE BERNARDES,1991,"27,19"
PRESIDENTE BERNARDES,2000,"23,82"
PRESIDENTE BERNARDES,2010,"16,45"
PRESIDENTE EPITÁCIO,1991,"35,75"
PRESIDENTE EPITÁCIO,2000,"25,82"
PRESIDENTE EPITÁCIO,2010,"15,77"
PRESIDENTE PRUDENTE,1991,"23,29"
PRESIDENTE PRUDENTE,2000,"20,01"
PRESIDENTE PRUDENTE,2010,"14,03"
PRESIDENTE VENCESLAU,1991,"28,66"
PRESIDENTE VENCESLAU,2000,"19,69"
PRESIDENTE VENCESLAU,2010,"15,43"
PROMISSÃO,1991,"25,97"
PROMISSÃO,2000,"23,90"
PROMISSÃO,2010,"15,35"
QUADRA,1991,"31,77"
QUADRA,2000,"20,55"
QUADRA,2010,"18,33"
QUATÁ,1991,"31,65"
QUATÁ,2000,"24,09"
QUATÁ,2010,"19,18"
QUEIROZ,1991,"34,77"
QUEIROZ,2000,"29,19"
QUEIROZ,2010,"19,55"
QUELUZ,1991,"37,66"
QUELUZ,2000,"25,50"
QUELUZ,2010,"18,18"
QUINTANA,1991,"42,06"
QUINTANA,2000,"24,71"
QUINTANA,2010,"19,55"
RAFARD,1991,"33,11"
RAFARD,2000,"24,13"
RAFARD,2010,"18,19"
RANCHARIA,1991,"24,85"
RANCHARIA,2000,"23,04"
RANCHARIA,2010,"14,27"
REDENÇÃO DA SERRA,1991,"38,23"
REDENÇÃO DA SERRA,2000,"23,40"
REDENÇÃO DA SERRA,2010,"20,93"
REGENTE FEIJÓ,1991,"29,14"
REGENTE FEIJÓ,2000,"21,08"
REGENTE FEIJÓ,2010,"18,70"
REGINÓPOLIS,1991,"42,29"
REGINÓPOLIS,2000,"25,55"
REGINÓPOLIS,2010,"18,82"
REGISTRO,1991,"36,24"
REGISTRO,2000,"22,50"
REGISTRO,2010,"15,19"
RESTINGA,1991,"37,66"
RESTINGA,2000,"23,04"
RESTINGA,2010,"17,86"
RIBEIRA,1991,"48,70"
RIBEIRA,2000,"33,33"
RIBEIRA,2010,"21,17"
RIBEIRÃO BONITO,1991,"24,66"
RIBEIRÃO BONITO,2000,"23,55"
RIBEIRÃO BONITO,2010,"19,54"
RIBEIRÃO BRANCO,1991,"48,04"
RIBEIRÃO BRANCO,2000,"35,32"
RIBEIRÃO BRANCO,2010,"21,17"
RIBEIRÃO CORRENTE,1991,"33,04"
RIBEIRÃO CORRENTE,2000,"27,97"
RIBEIRÃO CORRENTE,2010,"19,15"
RIBEIRÃO DO SUL,1991,"36,84"
RIBEIRÃO DO SUL,2000,"24,27"
RIBEIRÃO DO SUL,2010,"18,79"
RIBEIRÃO DOS ÍNDIOS,1991,"33,04"
RIBEIRÃO DOS ÍNDIOS,2000,"26,16"
RIBEIRÃO DOS ÍNDIOS,2010,"19,81"
RIBEIRÃO GRANDE,1991,"47,68"
RIBEIRÃO GRANDE,2000,"28,32"
RIBEIRÃO GRANDE,2010,"19,98"
RIBEIRÃO PIRES,1991,"30,92"
RIBEIRÃO PIRES,2000,"19,19"
RIBEIRÃO PIRES,2010,"13,93"
RIBEIRÃO PRETO,1991,"25,35"
RIBEIRÃO PRETO,2000,"21,66"
RIBEIRÃO PRETO,2010,"18,92"
RIFAINA,1991,"34,77"
RIFAINA,2000,"21,94"
RIFAINA,2010,"18,09"
RINCÃO,1991,"33,49"
RINCÃO,2000,"27,01"
RINCÃO,2010,"17,90"
RINÓPOLIS,1991,"40,31"
RINÓPOLIS,2000,"24,23"
RINÓPOLIS,2010,"16,01"
RIO CLARO,1991,"25,43"
RIO CLARO,2000,"19,26"
RIO CLARO,2010,"15,10"
RIO DAS PEDRAS,1991,"30,27"
RIO DAS PEDRAS,2000,"22,54"
RIO DAS PEDRAS,2010,"16,19"
RIO GRANDE DA SERRA,1991,"31,65"
RIO GRANDE DA SERRA,2000,"24,77"
RIO GRANDE DA SERRA,2010,"18,21"
RIOLÂNDIA,1991,"40,67"
RIOLÂNDIA,2000,"29,38"
RIOLÂNDIA,2010,"18,79"
RIVERSUL,1991,"44,36"
RIVERSUL,2000,"26,83"
RIVERSUL,2010,"20,95"
ROSANA,1991,"32,82"
ROSANA,2000,"21,45"
ROSANA,2010,"18,70"
ROSEIRA,1991,"31,39"
ROSEIRA,2000,"25,50"
ROSEIRA,2010,"18,18"
RUBINÉIA,1991,"31,91"
RUBINÉIA,2000,"25,31"
RUBINÉIA,2010,"15,95"
RUBIÁCEA,1991,"33,11"
RUBIÁCEA,2000,"22,45"
RUBIÁCEA,2010,"18,56"
SABINO,1991,"34,57"
SABINO,2000,"24,64"
SABINO,2010,"19,35"
SAGRES,1991,"36,43"
SAGRES,2000,"28,95"
SAGRES,2010,"17,45"
SALES,1991,"24,47"
SALES,2000,"23,35"
SALES,2010,"14,38"
SALES OLIVEIRA,1991,"26,97"
SALES OLIVEIRA,2000,"23,61"
SALES OLIVEIRA,2010,"15,82"
SALESÓPOLIS,1991,"37,33"
SALESÓPOLIS,2000,"26,32"
SALESÓPOLIS,2010,"17,51"
SALMOURÃO,1991,"36,43"
SALMOURÃO,2000,"22,19"
SALMOURÃO,2010,"15,72"
SALTINHO,1991,"20,44"
SALTINHO,2000,"15,10"
SALTINHO,2010,"14,70"
SALTO,1991,"31,35"
SALTO,2000,"19,24"
SALTO,2010,"15,43"
SALTO DE PIRAPORA,1991,"34,77"
SALTO DE PIRAPORA,2000,"21,84"
SALTO DE PIRAPORA,2010,"16,98"
SALTO GRANDE,1991,"29,85"
SALTO GRANDE,2000,"28,49"
SALTO GRANDE,2010,"17,96"
SANDOVALINA,1991,"32,39"
SANDOVALINA,2000,"22,80"
SANDOVALINA,2010,"19,40"
SANTA ADÉLIA,1991,"28,66"
SANTA ADÉLIA,2000,"19,24"
SANTA ADÉLIA,2010,"15,66"
SANTA ALBERTINA,1991,"24,66"
SANTA ALBERTINA,2000,"22,97"
SANTA ALBERTINA,2010,"19,82"
SANTA BRANCA,1991,"34,68"
SANTA BRANCA,2000,"24,43"
SANTA BRANCA,2010,"17,63"
SANTA BÁRBARA D'OESTE,1991,"27,40"
SANTA BÁRBARA D'OESTE,2000,"18,90"
SANTA BÁRBARA D'OESTE,2010,"12,27"
SANTA CLARA D'OESTE,1991,"34,74"
SANTA CLARA D'OESTE,2000,"26,42"
SANTA CLARA D'OESTE,2010,"20,34"
SANTA CRUZ DA CONCEIÇÃO,1991,"26,40"
SANTA CRUZ DA CONCEIÇÃO,2000,"15,89"
SANTA CRUZ DA CONCEIÇÃO,2010,"12,85"
SANTA CRUZ DA ESPERANÇA,1991,"31,15"
SANTA CRUZ DA ESPERANÇA,2000,"22,28"
SANTA CRUZ DA ESPERANÇA,2010,"17,25"
SANTA CRUZ DAS PALMEIRAS,1991,"31,55"
SANTA CRUZ DAS PALMEIRAS,2000,"24,01"
SANTA CRUZ DAS PALMEIRAS,2010,"19,14"
SANTA CRUZ DO RIO PARDO,1991,"24,01"
SANTA CRUZ DO RIO PARDO,2000,"20,68"
SANTA CRUZ DO RIO PARDO,2010,"12,64"
SANTA ERNESTINA,1991,"38,03"
SANTA ERNESTINA,2000,"28,82"
SANTA ERNESTINA,2010,"20,55"
SANTA FÉ DO SUL,1991,"26,29"
SANTA FÉ DO SUL,2000,"19,72"
SANTA FÉ DO SUL,2010,"15,08"
SANTA GERTRUDES,1991,"25,40"
SANTA GERTRUDES,2000,"23,54"
SANTA GERTRUDES,2010,"15,60"
SANTA ISABEL,1991,"34,27"
SANTA ISABEL,2000,"23,22"
SANTA ISABEL,2010,"17,02"
SANTA LÚCIA,1991,"32,82"
SANTA LÚCIA,2000,"20,63"
SANTA LÚCIA,2010,"18,70"
SANTA MARIA DA SERRA,1991,"39,48"
SANTA MARIA DA SERRA,2000,"23,86"
SANTA MARIA DA SERRA,2010,"18,55"
SANTA MERCEDES,1991,"37,66"
SANTA MERCEDES,2000,"26,59"
SANTA MERCEDES,2010,"15,66"
SANTA RITA D'OESTE,1991,"29,75"
SANTA RITA D'OESTE,2000,"26,75"
SANTA RITA D'OESTE,2010,"16,51"
SANTA RITA DO PASSA QUATRO,1991,"20,73"
SANTA RITA DO PASSA QUATRO,2000,"19,73"
SANTA RITA DO PASSA QUATRO,2010,"11,02"
SANTA ROSA DE VITERBO,1991,"24,47"
SANTA ROSA DE VITERBO,2000,"20,06"
SANTA ROSA DE VITERBO,2010,"13,56"
SANTA SALETE,1991,"21,73"
SANTA SALETE,2000,"15,55"
SANTA SALETE,2010,"13,98"
SANTANA DA PONTE PENSA,1991,"25,04"
SANTANA DA PONTE PENSA,2000,"17,13"
SANTANA DA PONTE PENSA,2010,"15,08"
SANTANA DE PARNAÍBA,1991,"26,60"
SANTANA DE PARNAÍBA,2000,"20,18"
SANTANA DE PARNAÍBA,2010,"17,36"
SANTO ANASTÁCIO,1991,"31,06"
SANTO ANASTÁCIO,2000,"20,44"
SANTO ANASTÁCIO,2010,"14,96"
SANTO ANDRÉ,1991,"25,04"
SANTO ANDRÉ,2000,"21,66"
SANTO ANDRÉ,2010,"14,10"
SANTO ANTÔNIO DA ALEGRIA,1991,"31,93"
SANTO ANTÔNIO DA ALEGRIA,2000,"26,18"
SANTO ANTÔNIO DA ALEGRIA,2010,"17,40"
SANTO ANTÔNIO DE POSSE,1991,"31,11"
SANTO ANTÔNIO DE POSSE,2000,"20,66"
SANTO ANTÔNIO DE POSSE,2010,"16,52"
SANTO ANTÔNIO DO ARACANGUÁ,1991,"35,91"
SANTO ANTÔNIO DO ARACANGUÁ,2000,"24,49"
SANTO ANTÔNIO DO ARACANGUÁ,2010,"16,34"
SANTO ANTÔNIO DO JARDIM,1991,"30,60"
SANTO ANTÔNIO DO JARDIM,2000,"23,83"
SANTO ANTÔNIO DO JARDIM,2010,"16,82"
SANTO ANTÔNIO DO PINHAL,1991,"37,85"
SANTO ANTÔNIO DO PINHAL,2000,"22,95"
SANTO ANTÔNIO DO PINHAL,2010,"19,49"
SANTO EXPEDITO,1991,"38,23"
SANTO EXPEDITO,2000,"22,26"
SANTO EXPEDITO,2010,"17,60"
SANTOS,1991,"21,86"
SANTOS,2000,"19,61"
SANTOS,2010,"15,36"
SANTÓPOLIS DO AGUAPEÍ,1991,"37,52"
SANTÓPOLIS DO AGUAPEÍ,2000,"22,52"
SANTÓPOLIS DO AGUAPEÍ,2010,"17,45"
SARAPUÍ,1991,"39,45"
SARAPUÍ,2000,"26,56"
SARAPUÍ,2010,"19,16"
SARUTAIÁ,1991,"38,69"
SARUTAIÁ,2000,"26,24"
SARUTAIÁ,2010,"21,55"
SEBASTIANÓPOLIS DO SUL,1991,"38,25"
SEBASTIANÓPOLIS DO SUL,2000,"20,53"
SEBASTIANÓPOLIS DO SUL,2010,"15,66"
SERRA AZUL,1991,"38,03"
SERRA AZUL,2000,"29,27"
SERRA AZUL,2010,"19,64"
SERRA NEGRA,1991,"23,90"
SERRA NEGRA,2000,"19,01"
SERRA NEGRA,2010,"13,16"
SERRANA,1991,"33,04"
SERRANA,2000,"27,67"
SERRANA,2010,"16,91"
SERTÃOZINHO,1991,"21,85"
SERTÃOZINHO,2000,"18,88"
SERTÃOZINHO,2010,"15,06"
SETE BARRAS,1991,"34,57"
SETE BARRAS,2000,"29,80"
SETE BARRAS,2010,"17,24"
SEVERÍNIA,1991,"30,40"
SEVERÍNIA,2000,"22,40"
SEVERÍNIA,2010,"20,00"
SILVEIRAS,1991,"36,38"
SILVEIRAS,2000,"21,82"
SILVEIRAS,2010,"19,41"
SOCORRO,1991,"31,53"
SOCORRO,2000,"22,72"
SOCORRO,2010,"17,66"
SOROCABA,1991,"31,35"
SOROCABA,2000,"20,01"
SOROCABA,2010,"15,58"
SUD MENNUCCI,1991,"31,65"
SUD MENNUCCI,2000,"27,54"
SUD MENNUCCI,2010,"19,82"
SUMARÉ,1991,"24,48"
SUMARÉ,2000,"20,59"
SUMARÉ,2010,"15,86"
SUZANO,1991,"32,07"
SUZANO,2000,"26,32"
SUZANO,2010,"13,58"
SUZANÁPOLIS,1991,"31,15"
SUZANÁPOLIS,2000,"29,07"
SUZANÁPOLIS,2010,"19,36"
SÃO BENTO DO SAPUCAÍ,1991,"28,55"
SÃO BENTO DO SAPUCAÍ,2000,"25,72"
SÃO BENTO DO SAPUCAÍ,2010,"19,49"
SÃO BERNARDO DO CAMPO,1991,"29,12"
SÃO BERNARDO DO CAMPO,2000,"20,91"
SÃO BERNARDO DO CAMPO,2010,"14,39"
SÃO CAETANO DO SUL,1991,"20,36"
SÃO CAETANO DO SUL,2000,"13,33"
SÃO CAETANO DO SUL,2010,"11,02"
SÃO CARLOS,1991,"21,62"
SÃO CARLOS,2000,"20,63"
SÃO CARLOS,2010,"12,98"
SÃO FRANCISCO,1991,"34,57"
SÃO FRANCISCO,2000,"26,41"
SÃO FRANCISCO,2010,"19,23"
SÃO JOAQUIM DA BARRA,1991,"31,24"
SÃO JOAQUIM DA BARRA,2000,"20,47"
SÃO JOAQUIM DA BARRA,2010,"14,50"
SÃO JOSÉ DA BELA VISTA,1991,"29,96"
SÃO JOSÉ DA BELA VISTA,2000,"27,24"
SÃO JOSÉ DA BELA VISTA,2010,"15,99"
SÃO JOSÉ DO BARREIRO,1991,"37,66"
SÃO JOSÉ DO BARREIRO,2000,"23,20"
SÃO JOSÉ DO BARREIRO,2010,"19,26"
SÃO JOSÉ DO RIO PARDO,1991,"24,77"
SÃO JOSÉ DO RIO PARDO,2000,"18,36"
SÃO JOSÉ DO RIO PARDO,2010,"12,64"
SÃO JOSÉ DO RIO PRETO,1991,"26,29"
SÃO JOSÉ DO RIO PRETO,2000,"19,24"
SÃO JOSÉ DO RIO PRETO,2010,"15,77"
SÃO JOSÉ DOS CAMPOS,1991,"25,35"
SÃO JOSÉ DOS CAMPOS,2000,"20,43"
SÃO JOSÉ DOS CAMPOS,2010,"15,12"
SÃO JOÃO DA BOA VISTA,1991,"22,09"
SÃO JOÃO DA BOA VISTA,2000,"17,02"
SÃO JOÃO DA BOA VISTA,2010,"10,96"
SÃO JOÃO DAS DUAS PONTES,1991,"32,73"
SÃO JOÃO DAS DUAS PONTES,2000,"26,62"
SÃO JOÃO DAS DUAS PONTES,2010,"20,15"
SÃO JOÃO DE IRACEMA,1991,"37,77"
SÃO JOÃO DE IRACEMA,2000,"25,90"
SÃO JOÃO DE IRACEMA,2010,"17,11"
SÃO JOÃO DO PAU D'ALHO,1991,"37,52"
SÃO JOÃO DO PAU D'ALHO,2000,"26,59"
SÃO JOÃO DO PAU D'ALHO,2010,"14,89"
SÃO LOURENÇO DA SERRA,1991,"37,39"
SÃO LOURENÇO DA SERRA,2000,"28,71"
SÃO LOURENÇO DA SERRA,2010,"18,21"
SÃO LUÍS DO PARAITINGA,1991,"33,04"
SÃO LUÍS DO PARAITINGA,2000,"28,07"
SÃO LUÍS DO PARAITINGA,2010,"17,86"
SÃO MANUEL,1991,"29,06"
SÃO MANUEL,2000,"24,24"
SÃO MANUEL,2010,"20,26"
SÃO MIGUEL ARCANJO,1991,"38,93"
SÃO MIGUEL ARCANJO,2000,"27,90"
SÃO MIGUEL ARCANJO,2010,"20,94"
SÃO PAULO,1991,"27,40"
SÃO PAULO,2000,"21,21"
SÃO PAULO,2010,"14,74"
SÃO PEDRO,1991,"30,04"
SÃO PEDRO,2000,"19,39"
SÃO PEDRO,2010,"12,99"
SÃO PEDRO DO TURVO,1991,"32,50"
SÃO PEDRO DO TURVO,2000,"24,31"
SÃO PEDRO DO TURVO,2010,"17,81"
SÃO ROQUE,1991,"27,00"
SÃO ROQUE,2000,"18,34"
SÃO ROQUE,2010,"14,03"
SÃO SEBASTIÃO,1991,"28,59"
SÃO SEBASTIÃO,2000,"21,25"
SÃO SEBASTIÃO,2010,"10,72"
SÃO SEBASTIÃO DA GRAMA,1991,"33,49"
SÃO SEBASTIÃO DA GRAMA,2000,"23,58"
SÃO SEBASTIÃO DA GRAMA,2010,"18,52"
SÃO SIMÃO,1991,"26,16"
SÃO SIMÃO,2000,"18,86"
SÃO SIMÃO,2010,"14,03"
SÃO VICENTE,1991,"31,94"
SÃO VICENTE,2000,"21,14"
SÃO VICENTE,2010,"14,63"
TABAPUÃ,1991,"28,66"
TABAPUÃ,2000,"21,94"
TABAPUÃ,2010,"18,52"
TABATINGA,1991,"34,67"
TABATINGA,2000,"23,72"
TABATINGA,2010,"18,70"
TABOÃO DA SERRA,1991,"31,76"
TABOÃO DA SERRA,2000,"19,60"
TABOÃO DA SERRA,2010,"13,63"
TACIBA,1991,"37,85"
TACIBA,2000,"22,80"
TACIBA,2010,"19,81"
TAGUAÍ,1991,"27,36"
TAGUAÍ,2000,"21,33"
TAGUAÍ,2010,"18,79"
TAIAÇU,1991,"31,91"
TAIAÇU,2000,"27,12"
TAIAÇU,2010,"19,18"
TAIÚVA,1991,"23,71"
TAIÚVA,2000,"18,82"
TAIÚVA,2010,"15,54"
TAMBAÚ,1991,"28,14"
TAMBAÚ,2000,"25,56"
TAMBAÚ,2010,"14,59"
TANABI,1991,"31,65"
TANABI,2000,"24,17"
TANABI,2010,"17,51"
TAPIRATIBA,1991,"24,05"
TAPIRATIBA,2000,"21,27"
TAPIRATIBA,2010,"13,44"
TAPIRAÍ,1991,"40,18"
TAPIRAÍ,2000,"25,23"
TAPIRAÍ,2010,"15,77"
TAQUARAL,1991,"31,91"
TAQUARAL,2000,"24,91"
TAQUARAL,2010,"18,14"
TAQUARITINGA,1991,"30,60"
TAQUARITINGA,2000,"22,67"
TAQUARITINGA,2010,"17,75"
TAQUARITUBA,1991,"48,16"
TAQUARITUBA,2000,"28,53"
TAQUARITUBA,2010,"19,55"
TAQUARIVAÍ,1991,"46,63"
TAQUARIVAÍ,2000,"28,10"
TAQUARIVAÍ,2010,"19,58"
TARABAI,1991,"36,64"
TARABAI,2000,"22,80"
TARABAI,2010,"18,19"
TARUMÃ,1991,"27,36"
TARUMÃ,2000,"21,66"
TARUMÃ,2010,"15,08"
TATUÍ,1991,"28,59"
TATUÍ,2000,"19,61"
TATUÍ,2010,"16,27"
TAUBATÉ,1991,"20,70"
TAUBATÉ,2000,"19,21"
TAUBATÉ,2010,"11,74"
TEJUPÁ,1991,"38,69"
TEJUPÁ,2000,"28,35"
TEJUPÁ,2010,"21,55"
TEODORO SAMPAIO,1991,"36,26"
TEODORO SAMPAIO,2000,"25,82"
TEODORO SAMPAIO,2010,"14,71"
TERRA ROXA,1991,"34,76"
TERRA ROXA,2000,"22,51"
TERRA ROXA,2010,"16,52"
TIETÊ,1991,"25,35"
TIETÊ,2000,"18,88"
TIETÊ,2010,"11,25"
TIMBURI,1991,"37,66"
TIMBURI,2000,"30,31"
TIMBURI,2010,"17,81"
TORRE DE PEDRA,1991,"36,30"
TORRE DE PEDRA,2000,"22,47"
TORRE DE PEDRA,2010,"17,51"
TORRINHA,1991,"20,73"
TORRINHA,2000,"20,54"
TORRINHA,2010,"15,14"
TRABIJU,1991,"37,92"
TRABIJU,2000,"33,89"
TRABIJU,2010,"19,60"
TREMEMBÉ,1991,"21,86"
TREMEMBÉ,2000,"18,47"
TREMEMBÉ,2010,"13,11"
TRÊS FRONTEIRAS,1991,"38,32"
TRÊS FRONTEIRAS,2000,"23,20"
TRÊS FRONTEIRAS,2010,"17,54"
TUIUTI,1991,"27,47"
TUIUTI,2000,"19,16"
TUIUTI,2010,"13,34"
TUPI PAULISTA,1991,"27,46"
TUPI PAULISTA,2000,"18,81"
TUPI PAULISTA,2010,"15,54"
TUPÃ,1991,"30,00"
TUPÃ,2000,"18,71"
TUPÃ,2010,"15,93"
TURIÚBA,1991,"31,65"
TURIÚBA,2000,"22,75"
TURIÚBA,2010,"18,07"
TURMALINA,1991,"24,66"
TURMALINA,2000,"22,93"
TURMALINA,2010,"18,79"
UBARANA,1991,"35,75"
UBARANA,2000,"21,59"
UBARANA,2010,"15,98"
UBATUBA,1991,"33,04"
UBATUBA,2000,"27,63"
UBATUBA,2010,"16,14"
UBIRAJARA,1991,"33,49"
UBIRAJARA,2000,"28,99"
UBIRAJARA,2010,"17,55"
UCHOA,1991,"38,16"
UCHOA,2000,"24,80"
UCHOA,2010,"18,21"
UNIÃO PAULISTA,1991,"32,07"
UNIÃO PAULISTA,2000,"21,01"
UNIÃO PAULISTA,2010,"14,11"
URU,1991,"37,66"
URU,2000,"28,50"
URU,2010,"17,17"
URUPÊS,1991,"35,20"
URUPÊS,2000,"21,53"
URUPÊS,2010,"18,83"
URÂNIA,1991,"38,03"
URÂNIA,2000,"26,77"
URÂNIA,2010,"20,34"
VALENTIM GENTIL,1991,"34,03"
VALENTIM GENTIL,2000,"21,57"
VALENTIM GENTIL,2010,"19,60"
VALINHOS,1991,"26,60"
VALINHOS,2000,"19,49"
VALINHOS,2010,"14,66"
VALPARAÍSO,1991,"33,49"
VALPARAÍSO,2000,"26,89"
VALPARAÍSO,2010,"18,02"
VARGEM,1991,"29,11"
VARGEM,2000,"19,48"
VARGEM,2010,"16,42"
VARGEM GRANDE DO SUL,1991,"30,60"
VARGEM GRANDE DO SUL,2000,"23,62"
VARGEM GRANDE DO SUL,2010,"14,03"
VARGEM GRANDE PAULISTA,1991,"35,56"
VARGEM GRANDE PAULISTA,2000,"20,16"
VARGEM GRANDE PAULISTA,2010,"11,25"
VERA CRUZ,1991,"40,29"
VERA CRUZ,2000,"26,84"
VERA CRUZ,2010,"17,40"
VINHEDO,1991,"21,22"
VINHEDO,2000,"17,56"
VINHEDO,2010,"12,64"
VIRADOURO,1991,"24,66"
VIRADOURO,2000,"22,32"
VIRADOURO,2010,"18,14"
VISTA ALEGRE DO ALTO,1991,"26,97"
VISTA ALEGRE DO ALTO,2000,"22,42"
VISTA ALEGRE DO ALTO,2010,"16,33"
VITÓRIA BRASIL,1991,"34,57"
VITÓRIA BRASIL,2000,"29,15"
VITÓRIA BRASIL,2010,"19,60"
VOTORANTIM,1991,"30,03"
VOTORANTIM,2000,"21,54"
VOTORANTIM,2010,"16,52"
VOTUPORANGA,1991,"22,93"
VOTUPORANGA,2000,"18,97"
VOTUPORANGA,2010,"14,61"
VÁRZEA PAULISTA,1991,"29,61"
VÁRZEA PAULISTA,2000,"20,76"
VÁRZEA PAULISTA,2010,"12,82"
ZACARIAS,1991,"33,49"
ZACARIAS,2000,"20,41"
ZACARIAS,2010,"17,84"
ÁGUAS DA PRATA,1991,"21,97"
ÁGUAS DA PRATA,2000,"19,90"
ÁGUAS DA PRATA,2010,"11,13"
ÁGUAS DE LINDÓIA,1991,"25,06"
ÁGUAS DE LINDÓIA,2000,"16,12"
ÁGUAS DE LINDÓIA,2010,"14,50"
ÁGUAS DE SANTA BÁRBARA,1991,"27,40"
ÁGUAS DE SANTA BÁRBARA,2000,"17,23"
ÁGUAS DE SANTA BÁRBARA,2010,"15,08"
ÁGUAS DE SÃO PEDRO,1991,"20,44"
ÁGUAS DE SÃO PEDRO,2000,"13,33"
ÁGUAS DE SÃO PEDRO,2010,"10,79"
ÁLVARES FLORENCE,1991,"34,57"
ÁLVARES FLORENCE,2000,"24,63"
ÁLVARES FLORENCE,2010,"20,13"
ÁLVARES MACHADO,1991,"25,70"
ÁLVARES MACHADO,2000,"22,15"
ÁLVARES MACHADO,2010,"17,00"
ÁLVARO DE CARVALHO,1991,"37,39"
ÁLVARO DE CARVALHO,2000,"31,47"
ÁLVARO DE CARVALHO,2010,"20,23"
ÓLEO,1991,"30,55"
ÓLEO,2000,"23,85"
ÓLEO,2010,"14,58"
